{
    "web":
    {
        "client_id":"146717989284-l3fdflk0fn5fedf9bp8s843a36g2f84m.apps.googleusercontent.com",
        "project_id":"final-370717",
        "auth_uri":"https://accounts.google.com/o/oauth2/auth",
        "token_uri":"https://oauth2.googleapis.com/token",
        "auth_provider_x509_cert_url":"https://www.googleapis.com/oauth2/v1/certs",
        "client_secret":"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",
        "redirect_uris":["http://localhost:8080/auth/google",
        "https://final-370717.uc.r.appspot.com/auth/google"]
    }
}