{
	"info": {
		"_postman_id": "c89dfabe-bb52-4703-b12a-1acbb1004434",
		"name": "Final",
		"schema": "https://schema.getpostman.com/json/collection/v2.1.0/collection.json",
		"_exporter_id": "17744538"
	},
	"item": [
		{
			"name": "Delete all boats",
			"request": {
				"method": "DELETE",
				"header": [],
				"url": {
					"raw": "{{app_url}}/boats",
					"host": [
						"{{app_url}}"
					],
					"path": [
						"boats"
					]
				}
			},
			"response": []
		},
		{
			"name": "Delete all loads",
			"request": {
				"method": "DELETE",
				"header": [],
				"url": {
					"raw": "{{app_url}}/loads",
					"host": [
						"{{app_url}}"
					],
					"path": [
						"loads"
					]
				}
			},
			"response": []
		},
		{
			"name": "add boat",
			"event": [
				{
					"listen": "test",
					"script": {
						"exec": [
							"//Set boat id environment variable from response",
							"pm.environment.set(\"boat_id\", pm.response.json()[\"id\"]);",
							"",
							"pm.test(\"201 status code\", function () {",
							"    //Check for 201 status code",
							"    pm.response.to.have.status(201);",
							"});",
							"",
							"",
							"pm.test(\"content is valid\", function () {",
							"   //Check if the response content is valid and matches the expected values",
							"   pm.expect(pm.response.json()[\"name\"]).to.eq(\"Sea Witch\");",
							"   pm.expect(pm.response.json()[\"type\"]).to.eq(\"Catamaran\");",
							"   pm.expect(pm.response.json()[\"length\"]).to.eq(28);",
							"   pm.expect(pm.response.json()[\"loads\"]).to.deep.equal([]);",
							"   //Check if the self url is correct",
							"   const self_url = pm.environment.get(\"app_url\") + \"/boats/\" + pm.response.json()[\"id\"];",
							"   pm.expect(pm.response.json()[\"self\"]).to.eq(self_url);",
							"});",
							"",
							""
						],
						"type": "text/javascript"
					}
				}
			],
			"request": {
				"auth": {
					"type": "bearer",
					"bearer": [
						{
							"key": "token",
							"value": "{{jwt1}}",
							"type": "string"
						}
					]
				},
				"method": "POST",
				"header": [
					{
						"key": "Content-Type",
						"type": "text",
						"value": "application/json"
					}
				],
				"body": {
					"mode": "raw",
					"raw": "{\n    \"name\": \"Sea Witch\",\n    \"type\": \"Catamaran\",\n    \"length\": 28\n}\n"
				},
				"url": {
					"raw": "{{app_url}}/boats",
					"host": [
						"{{app_url}}"
					],
					"path": [
						"boats"
					]
				}
			},
			"response": []
		},
		{
			"name": "add boat 2",
			"event": [
				{
					"listen": "test",
					"script": {
						"exec": [
							"//Set boat id environment variable from response",
							"pm.environment.set(\"boat_id2\", pm.response.json()[\"id\"]);",
							"",
							"pm.test(\"201 status code\", function () {",
							"    //Check for 201 status code",
							"    pm.response.to.have.status(201);",
							"});",
							"",
							"",
							"pm.test(\"content is valid\", function () {",
							"   //Check if the response content is valid and matches the expected values",
							"   pm.expect(pm.response.json()[\"name\"]).to.eq(\"Sea Witch\");",
							"   pm.expect(pm.response.json()[\"type\"]).to.eq(\"Catamaran\");",
							"   pm.expect(pm.response.json()[\"length\"]).to.eq(28);",
							"   pm.expect(pm.response.json()[\"loads\"]).to.deep.equal([]);",
							"   //Check if the self url is correct",
							"   const self_url = pm.environment.get(\"app_url\") + \"/boats/\" + pm.response.json()[\"id\"];",
							"   pm.expect(pm.response.json()[\"self\"]).to.eq(self_url);",
							"});",
							"",
							""
						],
						"type": "text/javascript"
					}
				}
			],
			"request": {
				"auth": {
					"type": "bearer",
					"bearer": [
						{
							"key": "token",
							"value": "{{jwt1}}",
							"type": "string"
						}
					]
				},
				"method": "POST",
				"header": [
					{
						"key": "Content-Type",
						"type": "text",
						"value": "application/json"
					}
				],
				"body": {
					"mode": "raw",
					"raw": "{\n    \"name\": \"Sea Witch\",\n    \"type\": \"Catamaran\",\n    \"length\": 28\n}\n"
				},
				"url": {
					"raw": "{{app_url}}/boats",
					"host": [
						"{{app_url}}"
					],
					"path": [
						"boats"
					]
				}
			},
			"response": []
		},
		{
			"name": "Update Boat 2",
			"event": [
				{
					"listen": "test",
					"script": {
						"exec": [
							"//Set boat id environment variable from response",
							"pm.environment.set(\"boat_id2\", pm.response.json()[\"id\"]);",
							"",
							"pm.test(\"201 status code\", function () {",
							"    //Check for 201 status code",
							"    pm.response.to.have.status(200);",
							"});",
							"",
							"",
							"pm.test(\"content is valid\", function () {",
							"   //Check if the response content is valid and matches the expected values",
							"   pm.expect(pm.response.json()[\"name\"]).to.eq(\"Sea Cucumber\");",
							"   pm.expect(pm.response.json()[\"type\"]).to.eq(\"Yacht\");",
							"   pm.expect(pm.response.json()[\"length\"]).to.eq(100);",
							"   pm.expect(pm.response.json()[\"loads\"]).to.deep.equal([]);",
							"   //Check if the self url is correct",
							"   const self_url = pm.environment.get(\"app_url\") + \"/boats/\" + pm.response.json()[\"id\"];",
							"   pm.expect(pm.response.json()[\"self\"]).to.eq(self_url);",
							"});",
							"",
							""
						],
						"type": "text/javascript"
					}
				}
			],
			"request": {
				"auth": {
					"type": "bearer",
					"bearer": [
						{
							"key": "token",
							"value": "{{jwt1}}",
							"type": "string"
						}
					]
				},
				"method": "PUT",
				"header": [
					{
						"key": "Content-Type",
						"type": "text",
						"value": "application/json"
					}
				],
				"body": {
					"mode": "raw",
					"raw": "{\n    \"name\": \"Sea Cucumber\",\n    \"type\": \"Yacht\",\n    \"length\": 100\n}\n"
				},
				"url": {
					"raw": "{{app_url}}/boats/{{boat_id2}}",
					"host": [
						"{{app_url}}"
					],
					"path": [
						"boats",
						"{{boat_id2}}"
					]
				}
			},
			"response": []
		},
		{
			"name": "add boat with missing attributes",
			"event": [
				{
					"listen": "test",
					"script": {
						"exec": [
							"pm.test(\"400 status code\", function () {",
							"    //Check for 400 status code",
							"    pm.response.to.have.status(400);",
							"});",
							"",
							"pm.test(\"400 error message\", function () {",
							"     //Check for appropriate error message",
							"     pm.expect(pm.response.json()[\"message\"]).to.eq(\"The request object is missing at least one of the required attributes\");",
							"});",
							"",
							""
						],
						"type": "text/javascript"
					}
				}
			],
			"request": {
				"method": "POST",
				"header": [
					{
						"key": "Content-Type",
						"type": "text",
						"value": "application/json"
					}
				],
				"body": {
					"mode": "raw",
					"raw": "{\n    \"name\": \"Sea Witch\",\n    \"type\": \"Catamaran\"\n}"
				},
				"url": {
					"raw": "{{app_url}}/boats",
					"host": [
						"{{app_url}}"
					],
					"path": [
						"boats"
					]
				}
			},
			"response": []
		},
		{
			"name": "get boat (new boat, no loads)",
			"event": [
				{
					"listen": "test",
					"script": {
						"exec": [
							"pm.test(\"200 status code\", function () {",
							"    //Check for success 200 response code",
							"    pm.response.to.have.status(200);",
							"});",
							"",
							"",
							"pm.test(\"content is valid\", function () {",
							"    //Check if the content is valid",
							"    pm.expect(pm.response.json()[\"name\"]).to.eq(\"Sea Witch\");",
							"    pm.expect(pm.response.json()[\"type\"]).to.eq(\"Catamaran\");",
							"    pm.expect(pm.response.json()[\"length\"]).to.eq(28);",
							"    pm.expect(pm.response.json()[\"loads\"]).to.deep.equal([]);",
							"    //Check if the self url is correct",
							"       const self_url = pm.environment.get(\"app_url\") + \"/boats/\" + pm.response.json()[\"id\"];",
							"   pm.expect(pm.response.json()[\"self\"]).to.eq(self_url);",
							"});",
							""
						],
						"type": "text/javascript"
					}
				}
			],
			"request": {
				"method": "GET",
				"header": [],
				"url": {
					"raw": "{{app_url}}/boats/{{boat_id}}",
					"host": [
						"{{app_url}}"
					],
					"path": [
						"boats",
						"{{boat_id}}"
					]
				}
			},
			"response": []
		},
		{
			"name": "get boat with invalid id",
			"event": [
				{
					"listen": "test",
					"script": {
						"exec": [
							"pm.test(\"404 not found\", function () {",
							"    //Check for 404 response",
							"    pm.response.to.have.status(404);",
							"});",
							"",
							"",
							"pm.test(\"404 error message\", function () {",
							"     //Check for error message",
							"     pm.expect(pm.response.json()[\"message\"]).to.eq(\"No boat with this boat_id exists\");",
							"});",
							""
						],
						"type": "text/javascript"
					}
				}
			],
			"request": {
				"method": "GET",
				"header": [],
				"url": {
					"raw": "{{app_url}}/boats/{{invalid_boat_id}}",
					"host": [
						"{{app_url}}"
					],
					"path": [
						"boats",
						"{{invalid_boat_id}}"
					]
				}
			},
			"response": []
		},
		{
			"name": "add load",
			"event": [
				{
					"listen": "test",
					"script": {
						"exec": [
							"//Set appropriate environment variable for load id",
							"pm.environment.set(\"load_id\", pm.response.json()[\"id\"]);",
							"",
							"pm.test(\"201 status code\", function () {",
							"   //Check if status code is 201",
							"   pm.response.to.have.status(201);",
							"});",
							"",
							"",
							"pm.test(\"content is valid\", function () {",
							"    //Check for appropriate content including self value",
							"    pm.expect(pm.response.json()[\"weight\"]).to.eq(5);",
							"    pm.expect(pm.response.json()[\"content\"]).to.eq(\"LEGO Blocks\");",
							"",
							"    pm.expect(pm.response.json()[\"carrier\"]).to.equal(null);",
							"    const self_url = pm.environment.get(\"app_url\") + \"/loads/\" + pm.response.json()[\"id\"];",
							"    pm.expect(pm.response.json()[\"self\"]).to.eq(self_url);",
							"});",
							"",
							""
						],
						"type": "text/javascript"
					}
				}
			],
			"request": {
				"method": "POST",
				"header": [
					{
						"key": "Content-Type",
						"type": "text",
						"value": "application/json"
					}
				],
				"body": {
					"mode": "raw",
					"raw": "{\n  \"weight\": 5,\n  \"content\": \"LEGO Blocks\",\n  \"carrier\": null\n}"
				},
				"url": {
					"raw": "{{app_url}}/loads",
					"host": [
						"{{app_url}}"
					],
					"path": [
						"loads"
					]
				}
			},
			"response": []
		},
		{
			"name": "add load with missing attributes",
			"event": [
				{
					"listen": "test",
					"script": {
						"exec": [
							"pm.test(\"400 status code\", function () {",
							"    //Check for error code 400",
							"    pm.response.to.have.status(400);",
							"});",
							"",
							"pm.test(\"400 error message\", function () {",
							"     //Check for appropriate error message",
							"     pm.expect(pm.response.json()[\"message\"]).to.equal(\"The request object is missing at least one of the required attributes\");",
							"});",
							"",
							""
						],
						"type": "text/javascript"
					}
				}
			],
			"request": {
				"method": "POST",
				"header": [
					{
						"key": "Content-Type",
						"type": "text",
						"value": "application/json"
					}
				],
				"body": {
					"mode": "raw",
					"raw": "{\n  \"weight\": 5\n}"
				},
				"url": {
					"raw": "{{app_url}}/loads",
					"host": [
						"{{app_url}}"
					],
					"path": [
						"loads"
					]
				}
			},
			"response": []
		},
		{
			"name": "get load (new load, no carrier)",
			"event": [
				{
					"listen": "test",
					"script": {
						"exec": [
							"pm.test(\"200 status code\", function () {",
							"    //Check if status code is 200",
							"    pm.response.to.have.status(200);",
							"});",
							"",
							"",
							"pm.test(\"content is valid\", function () {",
							"    //Check if the content is valid and has proper self url",
							"    pm.expect(pm.response.json()[\"weight\"]).to.eq(5);",
							"    pm.expect(pm.response.json()[\"content\"]).to.eq(\"LEGO Blocks\");",
							"    pm.expect(pm.response.json()[\"carrier\"]).to.equal(null);",
							"    const self_url = pm.environment.get(\"app_url\") + \"/loads/\" + pm.response.json()[\"id\"];",
							"    pm.expect(pm.response.json()[\"self\"]).to.eq(self_url);",
							"});",
							""
						],
						"type": "text/javascript"
					}
				}
			],
			"request": {
				"method": "GET",
				"header": [],
				"url": {
					"raw": "{{app_url}}/loads/{{load_id}}",
					"host": [
						"{{app_url}}"
					],
					"path": [
						"loads",
						"{{load_id}}"
					]
				}
			},
			"response": []
		},
		{
			"name": "get load with invalid id",
			"event": [
				{
					"listen": "test",
					"script": {
						"exec": [
							"pm.test(\"404 not found\", function () {",
							"    //Check for 404 status code",
							"    pm.response.to.have.status(404);",
							"});",
							"",
							"",
							"pm.test(\"404 error message\", function () {",
							"     //Check for appropriate error message",
							"    pm.expect(pm.response.json()[\"message\"]).to.equal(\"No load with this load_id exists\");",
							"});"
						],
						"type": "text/javascript"
					}
				}
			],
			"request": {
				"method": "GET",
				"header": [],
				"url": {
					"raw": "{{app_url}}/loads/{{invalid_load_id}}",
					"host": [
						"{{app_url}}"
					],
					"path": [
						"loads",
						"{{invalid_load_id}}"
					]
				}
			},
			"response": []
		},
		{
			"name": "assign load to boat",
			"event": [
				{
					"listen": "test",
					"script": {
						"exec": [
							"pm.test(\"200 status code\", function () {",
							"    //Check for status code 204",
							"    pm.response.to.have.status(200);",
							"});",
							"",
							"",
							""
						],
						"type": "text/javascript"
					}
				}
			],
			"request": {
				"method": "PUT",
				"header": [],
				"body": {
					"mode": "raw",
					"raw": "{\n  \"weight\": 5,\n  \"content\": \"LEGO Blocks\"\n}",
					"options": {
						"raw": {
							"language": "json"
						}
					}
				},
				"url": {
					"raw": "{{app_url}}/boats/{{boat_id}}/loads/{{load_id}}",
					"host": [
						"{{app_url}}"
					],
					"path": [
						"boats",
						"{{boat_id}}",
						"loads",
						"{{load_id}}"
					]
				}
			},
			"response": []
		},
		{
			"name": "assign load with invalid boat id",
			"event": [
				{
					"listen": "test",
					"script": {
						"exec": [
							"pm.test(\"404 status code\", function () {",
							"   //Check for error code 404",
							"   pm.response.to.have.status(404);",
							"});",
							"",
							"",
							"pm.test(\"404 error message\", function () {",
							"     //Check for error code 404",
							"     pm.expect(pm.response.json()[\"message\"]).to.equal(\"No boat with this boat_id exists\");",
							"});",
							"",
							""
						],
						"type": "text/javascript"
					}
				}
			],
			"request": {
				"method": "PUT",
				"header": [],
				"body": {
					"mode": "raw",
					"raw": "{\n  \"weight\": 5,\n  \"content\": \"LEGO Blocks\"\n}",
					"options": {
						"raw": {
							"language": "json"
						}
					}
				},
				"url": {
					"raw": "{{app_url}}/boats/{{invalid_boat_id}}/loads/{{load_id}}",
					"host": [
						"{{app_url}}"
					],
					"path": [
						"boats",
						"{{invalid_boat_id}}",
						"loads",
						"{{load_id}}"
					]
				}
			},
			"response": []
		},
		{
			"name": "assign load with invalid load id",
			"event": [
				{
					"listen": "test",
					"script": {
						"exec": [
							"pm.test(\"404 status code\", function () {",
							"   //Check for error code 404",
							"   pm.response.to.have.status(404);",
							"});",
							"",
							"",
							"pm.test(\"404 error message\", function () {",
							"     //Check for error code 404",
							"     pm.expect(pm.response.json()[\"message\"]).to.equal(\"No load with this load_id exists\");",
							"});",
							"",
							""
						],
						"type": "text/javascript"
					}
				}
			],
			"request": {
				"method": "PUT",
				"header": [],
				"body": {
					"mode": "raw",
					"raw": "{\n  \"weight\": 5,\n  \"content\": \"LEGO Blocks\"\n}",
					"options": {
						"raw": {
							"language": "json"
						}
					}
				},
				"url": {
					"raw": "{{app_url}}/boats/{{boat_id}}/loads/{{invalid_load_id}}",
					"host": [
						"{{app_url}}"
					],
					"path": [
						"boats",
						"{{boat_id}}",
						"loads",
						"{{invalid_load_id}}"
					]
				}
			},
			"response": []
		},
		{
			"name": "assign load with invalid boat id & invalid load id",
			"event": [
				{
					"listen": "test",
					"script": {
						"exec": [
							"pm.test(\"404 status code\", function () {",
							"   //Check for error code 404",
							"   pm.response.to.have.status(404);",
							"});",
							"",
							"",
							"pm.test(\"404 error message\", function () {",
							"     //Check for error code 404",
							"     pm.expect(pm.response.json()[\"message\"]).to.equal(\"No boat with this boat_id exists\");",
							"});"
						],
						"type": "text/javascript"
					}
				}
			],
			"request": {
				"method": "PUT",
				"header": [],
				"body": {
					"mode": "raw",
					"raw": "{\n  \"weight\": 5,\n  \"content\": \"LEGO Blocks\"\n}",
					"options": {
						"raw": {
							"language": "json"
						}
					}
				},
				"url": {
					"raw": "{{app_url}}/boats/{{invalid_boat_id}}/loads/{{invalid_load_id}}",
					"host": [
						"{{app_url}}"
					],
					"path": [
						"boats",
						"{{invalid_boat_id}}",
						"loads",
						"{{invalid_load_id}}"
					]
				}
			},
			"response": []
		},
		{
			"name": "load already assigned",
			"event": [
				{
					"listen": "test",
					"script": {
						"exec": [
							"pm.test(\"403 status code\", function () {",
							"   //Check for error code 403",
							"   pm.response.to.have.status(403);",
							"});",
							"",
							"",
							"pm.test(\"403 error message\", function () {",
							"     //Check for error code 403",
							"     pm.expect(pm.response.json()[\"message\"]).to.equal(\"Load already has a carrier\");",
							"});"
						],
						"type": "text/javascript"
					}
				}
			],
			"request": {
				"method": "PUT",
				"header": [],
				"body": {
					"mode": "raw",
					"raw": "{\n  \"weight\": 5,\n  \"content\": \"LEGO Blocks\"\n}",
					"options": {
						"raw": {
							"language": "json"
						}
					}
				},
				"url": {
					"raw": "{{app_url}}/boats/{{boat_id}}/loads/{{load_id}}",
					"host": [
						"{{app_url}}"
					],
					"path": [
						"boats",
						"{{boat_id}}",
						"loads",
						"{{load_id}}"
					]
				}
			},
			"response": []
		},
		{
			"name": "get boat after load assigned",
			"event": [
				{
					"listen": "test",
					"script": {
						"exec": [
							"pm.test(\"200 status code\", function () {",
							"    //Check for appropriate 200 status code",
							"    pm.response.to.have.status(200);",
							"});",
							"",
							"",
							"pm.test(\"content besides loads is valid\", function () {",
							"    //Check for boat content is valid",
							"    pm.expect(pm.response.json()[\"name\"]).to.eq(\"Sea Witch\");",
							"    pm.expect(pm.response.json()[\"type\"]).to.eq(\"Catamaran\");",
							"    pm.expect(pm.response.json()[\"length\"]).to.eq(28);",
							"    pm.expect(pm.response.json()[\"loads\"].length).to.eq(1);",
							"    const self_url = pm.environment.get(\"app_url\") + \"/boats/\" + pm.response.json()[\"id\"];",
							"    pm.expect(pm.response.json()[\"self\"]).to.eq(self_url);",
							"});",
							"",
							"pm.test(\"loads content is valid\", function () {",
							"   //Check if load content is valid",
							"   const self_url = pm.environment.get(\"app_url\") + \"/loads/\" + pm.response.json()[\"loads\"][0][\"id\"];",
							"   pm.expect(pm.response.json()[\"loads\"][0][\"self\"]).to.eq(self_url);",
							"});",
							""
						],
						"type": "text/javascript"
					}
				}
			],
			"request": {
				"method": "GET",
				"header": [],
				"url": {
					"raw": "{{app_url}}/boats/{{boat_id}}",
					"host": [
						"{{app_url}}"
					],
					"path": [
						"boats",
						"{{boat_id}}"
					]
				}
			},
			"response": []
		},
		{
			"name": "get load after assigned to boat",
			"event": [
				{
					"listen": "test",
					"script": {
						"exec": [
							"pm.test(\"200 status code\", function () {",
							"    //Check for appropriate status code 200",
							"    pm.response.to.have.status(200);",
							"});",
							"",
							"",
							"pm.test(\"content besides carrier is valid\", function () {",
							"    //Check for appropriate content for load including self attribute",
							"    pm.expect(pm.response.json()[\"weight\"]).to.eq(5);",
							"    pm.expect(pm.response.json()[\"content\"]).to.eq(\"LEGO Blocks\");",
							"    pm.expect(pm.response.json()[\"carrier\"]).to.not.eq(null);",
							"    const self_url = pm.environment.get(\"app_url\") + \"/loads/\" + pm.response.json()[\"id\"];",
							"    pm.expect(pm.response.json()[\"self\"]).to.eq(self_url);",
							"});",
							""
						],
						"type": "text/javascript"
					}
				}
			],
			"request": {
				"method": "GET",
				"header": [],
				"url": {
					"raw": "{{app_url}}/loads/{{load_id}}",
					"host": [
						"{{app_url}}"
					],
					"path": [
						"loads",
						"{{load_id}}"
					]
				}
			},
			"response": []
		},
		{
			"name": "remove load from boat",
			"event": [
				{
					"listen": "test",
					"script": {
						"exec": [
							"pm.test(\"204 status code\", function () {",
							"    //Check for apprropriate status code 204",
							"    pm.response.to.have.status(204);",
							"});",
							"",
							"",
							""
						],
						"type": "text/javascript"
					}
				}
			],
			"request": {
				"method": "DELETE",
				"header": [],
				"url": {
					"raw": "{{app_url}}/boats/{{boat_id}}/loads/{{load_id}}",
					"host": [
						"{{app_url}}"
					],
					"path": [
						"boats",
						"{{boat_id}}",
						"loads",
						"{{load_id}}"
					]
				}
			},
			"response": []
		},
		{
			"name": "get load after removed from boat",
			"event": [
				{
					"listen": "test",
					"script": {
						"exec": [
							"pm.test(\"200 status code\", function () {",
							"    //Check if status code is 200",
							"    pm.response.to.have.status(200);",
							"});",
							"",
							"",
							"pm.test(\"content is valid\", function () {",
							"    //Check if the content is valid and has proper self url",
							"    pm.expect(pm.response.json()[\"weight\"]).to.eq(5);",
							"    pm.expect(pm.response.json()[\"content\"]).to.eq(\"LEGO Blocks\");",
							"    pm.expect(pm.response.json()[\"carrier\"]).to.equal(null);",
							"    const self_url = pm.environment.get(\"app_url\") + \"/loads/\" + pm.response.json()[\"id\"];",
							"    pm.expect(pm.response.json()[\"self\"]).to.eq(self_url);",
							"});",
							""
						],
						"type": "text/javascript"
					}
				}
			],
			"request": {
				"method": "GET",
				"header": [],
				"url": {
					"raw": "{{app_url}}/loads/{{load_id}}",
					"host": [
						"{{app_url}}"
					],
					"path": [
						"loads",
						"{{load_id}}"
					]
				}
			},
			"response": []
		},
		{
			"name": "get boat after load removed",
			"event": [
				{
					"listen": "test",
					"script": {
						"exec": [
							"pm.test(\"200 status code\", function () {",
							"    //Check for appropriate status code",
							"    pm.response.to.have.status(200);",
							"});",
							"",
							"",
							"pm.test(\"content is valid\", function () {",
							"   //Check for appropriate status code including self attribute",
							"   pm.expect(pm.response.json()[\"name\"]).to.eq(\"Sea Witch\");",
							"   pm.expect(pm.response.json()[\"type\"]).to.eq(\"Catamaran\");",
							"   pm.expect(pm.response.json()[\"length\"]).to.eq(28);",
							"   pm.expect(pm.response.json()[\"loads\"]).to.deep.equal([]);",
							"   //Check if the self url is correct",
							"   const self_url = pm.environment.get(\"app_url\") + \"/boats/\" + pm.response.json()[\"id\"];",
							"   pm.expect(pm.response.json()[\"self\"]).to.eq(self_url);",
							"});",
							""
						],
						"type": "text/javascript"
					}
				}
			],
			"request": {
				"method": "GET",
				"header": [],
				"url": {
					"raw": "{{app_url}}/boats/{{boat_id}}",
					"host": [
						"{{app_url}}"
					],
					"path": [
						"boats",
						"{{boat_id}}"
					]
				}
			},
			"response": []
		},
		{
			"name": "remove load - load not on this boat",
			"event": [
				{
					"listen": "test",
					"script": {
						"exec": [
							"pm.test(\"404 status code\", function () {",
							"    //Check for appropriate 404 status code",
							"    pm.response.to.have.status(404);",
							"});",
							"",
							"",
							"pm.test(\"404 error message\", function () {",
							"     //Check for appropriate error message",
							"     pm.expect(pm.response.json()[\"message\"]).to.eq(\"Load is not on boat\");",
							"});",
							"",
							"",
							""
						],
						"type": "text/javascript"
					}
				}
			],
			"request": {
				"method": "DELETE",
				"header": [],
				"url": {
					"raw": "{{app_url}}/boats/{{boat_id}}/loads/{{load_id}}",
					"host": [
						"{{app_url}}"
					],
					"path": [
						"boats",
						"{{boat_id}}",
						"loads",
						"{{load_id}}"
					]
				}
			},
			"response": []
		},
		{
			"name": "remove load with invalid boat id",
			"event": [
				{
					"listen": "test",
					"script": {
						"exec": [
							"pm.test(\"404 status code\", function () {",
							"    //Check for appropriate 404 status code",
							"    pm.response.to.have.status(404);",
							"});",
							"",
							"",
							"pm.test(\"404 error message\", function () {",
							"     //Check for appropriate error message",
							"     pm.expect(pm.response.json()[\"message\"]).to.eq(\"No boat with this boat_id exists\");",
							"});",
							"",
							"",
							""
						],
						"type": "text/javascript"
					}
				}
			],
			"request": {
				"method": "DELETE",
				"header": [],
				"url": {
					"raw": "{{app_url}}/boats/{{invalid_boat_id}}/loads/{{load_id}}",
					"host": [
						"{{app_url}}"
					],
					"path": [
						"boats",
						"{{invalid_boat_id}}",
						"loads",
						"{{load_id}}"
					]
				}
			},
			"response": []
		},
		{
			"name": "remove load with invalid load id",
			"event": [
				{
					"listen": "test",
					"script": {
						"exec": [
							"pm.test(\"404 status code\", function () {",
							"    //Check for appropriate 404 status code",
							"    pm.response.to.have.status(404);",
							"});",
							"",
							"",
							"pm.test(\"404 error message\", function () {",
							"     //Check for appropriate error message",
							"     pm.expect(pm.response.json()[\"message\"]).to.eq(\"No load with this load_id exists\");",
							"});",
							"",
							"",
							""
						],
						"type": "text/javascript"
					}
				}
			],
			"request": {
				"method": "DELETE",
				"header": [],
				"url": {
					"raw": "{{app_url}}/boats/{{boat_id}}/loads/{{invalid_load_id}}",
					"host": [
						"{{app_url}}"
					],
					"path": [
						"boats",
						"{{boat_id}}",
						"loads",
						"{{invalid_load_id}}"
					]
				}
			},
			"response": []
		},
		{
			"name": "remove load with invalid boat id & invalid load id",
			"event": [
				{
					"listen": "test",
					"script": {
						"exec": [
							"pm.test(\"404 status code\", function () {",
							"    //Check for appropriate 404 status code",
							"    pm.response.to.have.status(404);",
							"});",
							"",
							"",
							"pm.test(\"404 error message\", function () {",
							"     //Check for appropriate error message",
							"     pm.expect(pm.response.json()[\"message\"]).to.eq(\"No load with this load_id exists\");",
							"});",
							"",
							"",
							""
						],
						"type": "text/javascript"
					}
				}
			],
			"request": {
				"method": "DELETE",
				"header": [],
				"url": {
					"raw": "{{app_url}}/boats/{{invalid_boat_id}}/loads/{{invalid_load_id}}",
					"host": [
						"{{app_url}}"
					],
					"path": [
						"boats",
						"{{invalid_boat_id}}",
						"loads",
						"{{invalid_load_id}}"
					]
				}
			},
			"response": []
		},
		{
			"name": "re-assign load to boat",
			"event": [
				{
					"listen": "test",
					"script": {
						"exec": [
							"pm.test(\"204 status code\", function () {",
							"    //Check for appropriate 204 status code",
							"    pm.response.to.have.status(200);",
							"});",
							"",
							"",
							""
						],
						"type": "text/javascript"
					}
				}
			],
			"request": {
				"method": "PUT",
				"header": [],
				"body": {
					"mode": "raw",
					"raw": "{\n  \"weight\": 5,\n  \"content\": \"LEGO Blocks\"\n}",
					"options": {
						"raw": {
							"language": "json"
						}
					}
				},
				"url": {
					"raw": "{{app_url}}/boats/{{boat_id}}/loads/{{load_id}}",
					"host": [
						"{{app_url}}"
					],
					"path": [
						"boats",
						"{{boat_id}}",
						"loads",
						"{{load_id}}"
					]
				}
			},
			"response": []
		},
		{
			"name": "delete boat",
			"event": [
				{
					"listen": "test",
					"script": {
						"exec": [
							"pm.test(\"204 no content\", function () {",
							"    pm.response.to.have.status(204);",
							"});"
						],
						"type": "text/javascript"
					}
				}
			],
			"request": {
				"method": "DELETE",
				"header": [],
				"url": {
					"raw": "{{app_url}}/boats/{{boat_id}}",
					"host": [
						"{{app_url}}"
					],
					"path": [
						"boats",
						"{{boat_id}}"
					]
				}
			},
			"response": []
		},
		{
			"name": "get load after carrier boat deleted",
			"event": [
				{
					"listen": "test",
					"script": {
						"exec": [
							"pm.test(\"200 status code\", function () {",
							"    //Check for appropriate 200 status code",
							"    pm.response.to.have.status(200);",
							"});",
							"",
							"",
							"pm.test(\"content is valid\", function () {",
							"    //Check if the content is valid including self attribute",
							"    pm.expect(pm.response.json()[\"weight\"]).to.eq(5);",
							"    pm.expect(pm.response.json()[\"content\"]).to.eq(\"LEGO Blocks\");",
							"    pm.expect(pm.response.json()[\"carrier\"]).to.equal(null);",
							"    const self_url = pm.environment.get(\"app_url\") + \"/loads/\" + pm.response.json()[\"id\"];",
							"    pm.expect(pm.response.json()[\"self\"]).to.eq(self_url);",
							"});",
							""
						],
						"type": "text/javascript"
					}
				}
			],
			"request": {
				"method": "GET",
				"header": [],
				"url": {
					"raw": "{{app_url}}/loads/{{load_id}}",
					"host": [
						"{{app_url}}"
					],
					"path": [
						"loads",
						"{{load_id}}"
					]
				}
			},
			"response": []
		},
		{
			"name": "delete boat with invalid id",
			"event": [
				{
					"listen": "test",
					"script": {
						"exec": [
							"pm.test(\"404 not found\", function () {",
							"    //Check for appropriate 404 status code",
							"    pm.response.to.have.status(404);",
							"});",
							"",
							"",
							"pm.test(\"404 error message\", function () {",
							"     //Check for appropriate error message",
							"    pm.expect(pm.response.json()[\"message\"]).to.equal(\"No boat with this boat_id exists\");",
							"});"
						],
						"type": "text/javascript"
					}
				}
			],
			"request": {
				"method": "DELETE",
				"header": [],
				"url": {
					"raw": "{{app_url}}/boats/{{invalid_boat_id}}",
					"host": [
						"{{app_url}}"
					],
					"path": [
						"boats",
						"{{invalid_boat_id}}"
					]
				}
			},
			"response": []
		},
		{
			"name": "delete load with invalid id",
			"event": [
				{
					"listen": "test",
					"script": {
						"exec": [
							"pm.test(\"404 not found\", function () {",
							"    //Check for appropriate 404 status code",
							"    pm.response.to.have.status(404);",
							"});",
							"",
							"",
							"pm.test(\"404 error message\", function () {",
							"     //Check for appropriate error message",
							"     pm.expect(pm.response.json()[\"message\"]).to.equal(\"No load with this load_id exists\");",
							"});"
						],
						"type": "text/javascript"
					}
				}
			],
			"request": {
				"method": "DELETE",
				"header": [],
				"url": {
					"raw": "{{app_url}}/loads/{{invalid_load_id}}",
					"host": [
						"{{app_url}}"
					],
					"path": [
						"loads",
						"{{invalid_load_id}}"
					]
				}
			},
			"response": []
		},
		{
			"name": "add boat",
			"event": [
				{
					"listen": "test",
					"script": {
						"exec": [
							"//Set appropriate environment variable for boat id",
							"pm.environment.set(\"boat_id\", pm.response.json()[\"id\"]);",
							"",
							"pm.test(\"201 status code\", function () {",
							"    //Check for appropriate 201 status code",
							"    pm.response.to.have.status(201);",
							"});",
							"",
							"",
							"pm.test(\"content is valid\", function () {",
							"    //Check if content is valid including self attribute",
							"   pm.expect(pm.response.json()[\"name\"]).to.eq(\"Lucia\");",
							"   pm.expect(pm.response.json()[\"type\"]).to.eq(\"Catamaran\");",
							"   pm.expect(pm.response.json()[\"length\"]).to.eq(20);",
							"   pm.expect(pm.response.json()[\"loads\"]).to.deep.equal([]);",
							"   //Check if the self url is correct",
							"   const self_url = pm.environment.get(\"app_url\") + \"/boats/\" + pm.response.json()[\"id\"];",
							"   pm.expect(pm.response.json()[\"self\"]).to.eq(self_url);",
							"});",
							"",
							""
						],
						"type": "text/javascript"
					}
				}
			],
			"request": {
				"method": "POST",
				"header": [
					{
						"key": "Content-Type",
						"value": "application/json",
						"type": "text"
					}
				],
				"body": {
					"mode": "raw",
					"raw": "{\n    \"name\": \"Lucia\",\n    \"type\": \"Catamaran\",\n    \"length\": 20\n}"
				},
				"url": {
					"raw": "{{app_url}}/boats",
					"host": [
						"{{app_url}}"
					],
					"path": [
						"boats"
					]
				}
			},
			"response": []
		},
		{
			"name": "assign load to newest boat",
			"event": [
				{
					"listen": "test",
					"script": {
						"exec": [
							"pm.test(\"204 status code\", function () {",
							"    //Check for appropriate 204 status code",
							"    pm.response.to.have.status(200);",
							"});",
							"",
							"",
							""
						],
						"type": "text/javascript"
					}
				}
			],
			"request": {
				"method": "PUT",
				"header": [],
				"body": {
					"mode": "raw",
					"raw": "{\n  \"weight\": 5,\n  \"content\": \"LEGO Blocks\"\n}",
					"options": {
						"raw": {
							"language": "json"
						}
					}
				},
				"url": {
					"raw": "{{app_url}}/boats/{{boat_id}}/loads/{{load_id}}",
					"host": [
						"{{app_url}}"
					],
					"path": [
						"boats",
						"{{boat_id}}",
						"loads",
						"{{load_id}}"
					]
				}
			},
			"response": []
		},
		{
			"name": "get boat after load assigned",
			"event": [
				{
					"listen": "test",
					"script": {
						"exec": [
							"pm.test(\"200 status code\", function () {",
							"    //Check for appropriate 200 status code",
							"    pm.response.to.have.status(200);",
							"});",
							"",
							"",
							"pm.test(\"content besides loads is valid\", function () {",
							"    //Check for boat content is valid",
							"    pm.expect(pm.response.json()[\"name\"]).to.eq(\"Lucia\");",
							"    pm.expect(pm.response.json()[\"type\"]).to.eq(\"Catamaran\");",
							"    pm.expect(pm.response.json()[\"length\"]).to.eq(20);",
							"    pm.expect(pm.response.json()[\"loads\"].length).to.eq(1);",
							"    const self_url = pm.environment.get(\"app_url\") + \"/boats/\" + pm.response.json()[\"id\"];",
							"    pm.expect(pm.response.json()[\"self\"]).to.eq(self_url);",
							"});",
							"",
							""
						],
						"type": "text/javascript"
					}
				}
			],
			"request": {
				"method": "GET",
				"header": [],
				"url": {
					"raw": "{{app_url}}/boats/{{boat_id}}",
					"host": [
						"{{app_url}}"
					],
					"path": [
						"boats",
						"{{boat_id}}"
					]
				}
			},
			"response": []
		},
		{
			"name": "delete load",
			"event": [
				{
					"listen": "test",
					"script": {
						"exec": [
							"pm.test(\"204 no content\", function () {",
							"   //Check for appropriate 204 status code",
							"   pm.response.to.have.status(204);",
							"});"
						],
						"type": "text/javascript"
					}
				}
			],
			"request": {
				"method": "DELETE",
				"header": [],
				"url": {
					"raw": "{{app_url}}/loads/{{load_id}}",
					"host": [
						"{{app_url}}"
					],
					"path": [
						"loads",
						"{{load_id}}"
					]
				}
			},
			"response": []
		},
		{
			"name": "get boat after load deleted",
			"event": [
				{
					"listen": "test",
					"script": {
						"exec": [
							"pm.test(\"200 status code\", function () {",
							"    //Check for appropriate status code",
							"    pm.response.to.have.status(200);",
							"});",
							"",
							"",
							"pm.test(\"content is valid\", function () {",
							"   //Check for appropriate status code including self attribute",
							"   pm.expect(pm.response.json()[\"name\"]).to.eq(\"Lucia\");",
							"   pm.expect(pm.response.json()[\"type\"]).to.eq(\"Catamaran\");",
							"   pm.expect(pm.response.json()[\"length\"]).to.eq(20);",
							"   pm.expect(pm.response.json()[\"loads\"]).to.deep.equal([]);",
							"   //Check if the self url is correct",
							"   const self_url = pm.environment.get(\"app_url\") + \"/boats/\" + pm.response.json()[\"id\"];",
							"   pm.expect(pm.response.json()[\"self\"]).to.eq(self_url);",
							"});",
							""
						],
						"type": "text/javascript"
					}
				}
			],
			"request": {
				"method": "GET",
				"header": [],
				"url": {
					"raw": "{{app_url}}/boats/{{boat_id}}",
					"host": [
						"{{app_url}}"
					],
					"path": [
						"boats",
						"{{boat_id}}"
					]
				}
			},
			"response": []
		},
		{
			"name": "delete boat",
			"event": [
				{
					"listen": "test",
					"script": {
						"exec": [
							"pm.test(\"204 no content\", function () {",
							"    //Check for appropriate 204 status code",
							"    pm.response.to.have.status(204);",
							"});"
						],
						"type": "text/javascript"
					}
				}
			],
			"request": {
				"method": "DELETE",
				"header": [],
				"url": {
					"raw": "{{app_url}}/boats/{{boat_id}}",
					"host": [
						"{{app_url}}"
					],
					"path": [
						"boats",
						"{{boat_id}}"
					]
				}
			},
			"response": []
		},
		{
			"name": "add boat01",
			"event": [
				{
					"listen": "test",
					"script": {
						"exec": [
							"//Set appropriate environment variable for boat id",
							"pm.environment.set(\"boat01_id\", pm.response.json()[\"id\"]);",
							"",
							"pm.test(\"201 status code\", function () {",
							"    //Check for appropriate 201 status code",
							"    pm.response.to.have.status(201);",
							"});",
							"",
							"",
							"pm.test(\"content is valid\", function () {",
							"    //Check if content is valid including self attribute",
							"   pm.expect(pm.response.json()[\"name\"]).to.eq(\"Lucifer\");",
							"   pm.expect(pm.response.json()[\"type\"]).to.eq(\"Yacht\");",
							"   pm.expect(pm.response.json()[\"length\"]).to.eq(15);",
							"   pm.expect(pm.response.json()[\"loads\"]).to.deep.equal([]);",
							"   //Check if the self url is correct",
							"   const self_url = pm.environment.get(\"app_url\") + \"/boats/\" + pm.response.json()[\"id\"];",
							"   pm.expect(pm.response.json()[\"self\"]).to.eq(self_url);",
							"});"
						],
						"type": "text/javascript"
					}
				}
			],
			"request": {
				"method": "POST",
				"header": [
					{
						"key": "Content-Type",
						"type": "text",
						"value": "application/json"
					}
				],
				"body": {
					"mode": "raw",
					"raw": "{\n    \"name\": \"Lucifer\",\n    \"type\": \"Yacht\",\n    \"length\": 15\n}"
				},
				"url": {
					"raw": "{{app_url}}/boats",
					"host": [
						"{{app_url}}"
					],
					"path": [
						"boats"
					]
				}
			},
			"response": []
		},
		{
			"name": "add load01",
			"event": [
				{
					"listen": "test",
					"script": {
						"exec": [
							"//Set appropriate environment variable for load id",
							"pm.environment.set(\"load01_id\", pm.response.json()[\"id\"]);",
							"",
							"pm.test(\"201 status code\", function () {",
							"   //Check if status code is 201",
							"   pm.response.to.have.status(201);",
							"});",
							"",
							"",
							"pm.test(\"content is valid\", function () {",
							"    //Check for appropriate content including self value",
							"    pm.expect(pm.response.json()[\"weight\"]).to.eq(10);",
							"    pm.expect(pm.response.json()[\"content\"]).to.eq(\"Stuffed Animals\");",
							"    pm.expect(pm.response.json()[\"carrier\"]).to.equal(null);",
							"    const self_url = pm.environment.get(\"app_url\") + \"/loads/\" + pm.response.json()[\"id\"];",
							"    pm.expect(pm.response.json()[\"self\"]).to.eq(self_url);",
							"});",
							"",
							""
						],
						"type": "text/javascript"
					}
				}
			],
			"request": {
				"method": "POST",
				"header": [
					{
						"key": "Content-Type",
						"type": "text",
						"value": "application/json"
					}
				],
				"body": {
					"mode": "raw",
					"raw": "{\n  \"weight\": 10,\n  \"content\": \"Stuffed Animals\",\n  \"carrier\": null\n}"
				},
				"url": {
					"raw": "{{app_url}}/loads",
					"host": [
						"{{app_url}}"
					],
					"path": [
						"loads"
					]
				}
			},
			"response": []
		},
		{
			"name": "assign load01 to boat01",
			"event": [
				{
					"listen": "test",
					"script": {
						"exec": [
							"pm.test(\"204 status code\", function () {",
							"    //Check for appropriate 204 status code",
							"    pm.response.to.have.status(200);",
							"});",
							"",
							"",
							""
						],
						"type": "text/javascript"
					}
				}
			],
			"request": {
				"method": "PUT",
				"header": [],
				"body": {
					"mode": "raw",
					"raw": "{\n  \"weight\": 10,\n  \"content\": \"Stuffed Animals\"\n}",
					"options": {
						"raw": {
							"language": "json"
						}
					}
				},
				"url": {
					"raw": "{{app_url}}/boats/{{boat01_id}}/loads/{{load01_id}}",
					"host": [
						"{{app_url}}"
					],
					"path": [
						"boats",
						"{{boat01_id}}",
						"loads",
						"{{load01_id}}"
					]
				}
			},
			"response": []
		},
		{
			"name": "add load02",
			"event": [
				{
					"listen": "test",
					"script": {
						"exec": [
							"//Set appropriate environment variable for load id",
							"pm.environment.set(\"load02_id\", pm.response.json()[\"id\"]);",
							"",
							"pm.test(\"201 status code\", function () {",
							"   //Check if status code is 201",
							"   pm.response.to.have.status(201);",
							"});",
							"",
							"",
							"pm.test(\"content is valid\", function () {",
							"    //Check for appropriate content including self value",
							"    pm.expect(pm.response.json()[\"weight\"]).to.eq(3);",
							"    pm.expect(pm.response.json()[\"content\"]).to.eq(\"Food\");",
							"    pm.expect(pm.response.json()[\"carrier\"]).to.equal(null);",
							"    const self_url = pm.environment.get(\"app_url\") + \"/loads/\" + pm.response.json()[\"id\"];",
							"    pm.expect(pm.response.json()[\"self\"]).to.eq(self_url);",
							"});",
							"",
							""
						],
						"type": "text/javascript"
					}
				}
			],
			"request": {
				"method": "POST",
				"header": [
					{
						"key": "Content-Type",
						"type": "text",
						"value": "application/json"
					}
				],
				"body": {
					"mode": "raw",
					"raw": "{\n  \"weight\": 3,\n  \"content\": \"Food\",\n  \"carrier\": null\n}"
				},
				"url": {
					"raw": "{{app_url}}/loads",
					"host": [
						"{{app_url}}"
					],
					"path": [
						"loads"
					]
				}
			},
			"response": []
		},
		{
			"name": "assign load02 to boat01",
			"event": [
				{
					"listen": "test",
					"script": {
						"exec": [
							"pm.test(\"204 status code\", function () {",
							"    //Check for appropriate 204 status code",
							"    pm.response.to.have.status(200);",
							"});",
							""
						],
						"type": "text/javascript"
					}
				}
			],
			"request": {
				"method": "PUT",
				"header": [],
				"body": {
					"mode": "raw",
					"raw": "{\n  \"weight\": 3,\n  \"content\": \"Food\"\n}",
					"options": {
						"raw": {
							"language": "json"
						}
					}
				},
				"url": {
					"raw": "{{app_url}}/boats/{{boat01_id}}/loads/{{load02_id}}",
					"host": [
						"{{app_url}}"
					],
					"path": [
						"boats",
						"{{boat01_id}}",
						"loads",
						"{{load02_id}}"
					]
				}
			},
			"response": []
		},
		{
			"name": "add load03",
			"event": [
				{
					"listen": "test",
					"script": {
						"exec": [
							"//Set appropriate environment variable for load id",
							"pm.environment.set(\"load03_id\", pm.response.json()[\"id\"]);",
							"",
							"pm.test(\"201 status code\", function () {",
							"   //Check if status code is 201",
							"   pm.response.to.have.status(201);",
							"});",
							"",
							"",
							"pm.test(\"content is valid\", function () {",
							"    //Check for appropriate content including self value",
							"    pm.expect(pm.response.json()[\"weight\"]).to.eq(7);",
							"    pm.expect(pm.response.json()[\"content\"]).to.eq(\"Furnitures\");",
							"    pm.expect(pm.response.json()[\"carrier\"]).to.equal(null);",
							"    const self_url = pm.environment.get(\"app_url\") + \"/loads/\" + pm.response.json()[\"id\"];",
							"    pm.expect(pm.response.json()[\"self\"]).to.eq(self_url);",
							"});",
							""
						],
						"type": "text/javascript"
					}
				}
			],
			"request": {
				"method": "POST",
				"header": [
					{
						"key": "Content-Type",
						"type": "text",
						"value": "application/json"
					}
				],
				"body": {
					"mode": "raw",
					"raw": "{\n  \"weight\": 7,\n  \"content\": \"Furnitures\",\n  \"carrier\": null\n}"
				},
				"url": {
					"raw": "{{app_url}}/loads",
					"host": [
						"{{app_url}}"
					],
					"path": [
						"loads"
					]
				}
			},
			"response": []
		},
		{
			"name": "assign load03 to boat01",
			"event": [
				{
					"listen": "test",
					"script": {
						"exec": [
							"pm.test(\"204 status code\", function () {",
							"    //Check for appropriate 204 status code",
							"    pm.response.to.have.status(200);",
							"});",
							""
						],
						"type": "text/javascript"
					}
				}
			],
			"request": {
				"method": "PUT",
				"header": [],
				"body": {
					"mode": "raw",
					"raw": "{\n  \"weight\": 7,\n  \"content\": \"Furnitures\"\n}",
					"options": {
						"raw": {
							"language": "json"
						}
					}
				},
				"url": {
					"raw": "{{app_url}}/boats/{{boat01_id}}/loads/{{load03_id}}",
					"host": [
						"{{app_url}}"
					],
					"path": [
						"boats",
						"{{boat01_id}}",
						"loads",
						"{{load03_id}}"
					]
				}
			},
			"response": []
		},
		{
			"name": "add load04",
			"event": [
				{
					"listen": "test",
					"script": {
						"exec": [
							"//Set appropriate environment variable for load id",
							"pm.environment.set(\"load04_id\", pm.response.json()[\"id\"]);",
							"",
							"pm.test(\"201 status code\", function () {",
							"   //Check if status code is 201",
							"   pm.response.to.have.status(201);",
							"});",
							"",
							"",
							"pm.test(\"content is valid\", function () {",
							"    //Check for appropriate content including self value",
							"    pm.expect(pm.response.json()[\"weight\"]).to.eq(4);",
							"    pm.expect(pm.response.json()[\"content\"]).to.eq(\"Toys\");",
							"    pm.expect(pm.response.json()[\"carrier\"]).to.equal(null);",
							"    const self_url = pm.environment.get(\"app_url\") + \"/loads/\" + pm.response.json()[\"id\"];",
							"    pm.expect(pm.response.json()[\"self\"]).to.eq(self_url);",
							"});",
							""
						],
						"type": "text/javascript"
					}
				}
			],
			"request": {
				"method": "POST",
				"header": [
					{
						"key": "Content-Type",
						"type": "text",
						"value": "application/json"
					}
				],
				"body": {
					"mode": "raw",
					"raw": "{\n  \"weight\": 4,\n  \"content\": \"Toys\",\n  \"carrier\": null\n}"
				},
				"url": {
					"raw": "{{app_url}}/loads",
					"host": [
						"{{app_url}}"
					],
					"path": [
						"loads"
					]
				}
			},
			"response": []
		},
		{
			"name": "assign load04 to boat01",
			"event": [
				{
					"listen": "test",
					"script": {
						"exec": [
							"pm.test(\"204 status code\", function () {",
							"    //Check for appropriate 204 status code",
							"    pm.response.to.have.status(200);",
							"});",
							""
						],
						"type": "text/javascript"
					}
				}
			],
			"request": {
				"method": "PUT",
				"header": [],
				"body": {
					"mode": "raw",
					"raw": "{\n  \"weight\": 4,\n  \"content\": \"Toys\"\n}",
					"options": {
						"raw": {
							"language": "json"
						}
					}
				},
				"url": {
					"raw": "{{app_url}}/boats/{{boat01_id}}/loads/{{load04_id}}",
					"host": [
						"{{app_url}}"
					],
					"path": [
						"boats",
						"{{boat01_id}}",
						"loads",
						"{{load04_id}}"
					]
				}
			},
			"response": []
		},
		{
			"name": "get all loads for given boat",
			"event": [
				{
					"listen": "test",
					"script": {
						"exec": [
							"pm.test(\"200 status code\", function () {",
							"    //Check for appropriate 200 status code",
							"    pm.response.to.have.status(200);",
							"});",
							"",
							"",
							"pm.test(\"load01 content is valid\", function () {",
							"    //Check for appropriate load contents",
							"    pm.response.json()[\"loads\"].forEach(load => {",
							"        if (load[\"id\"] === pm.environment.get(\"load01_id\")){",
							"            pm.expect(load[\"content\"]).to.eq(\"Stuffed Animals\");",
							"            pm.expect(load[\"weight\"]).to.eq(10);",
							"            const self_url = pm.environment.get(\"app_url\") + \"/loads/\" + load[\"id\"];",
							"            pm.expect(load[\"self\"]).to.eq(self_url);",
							"        }",
							"    });",
							"});",
							"",
							"pm.test(\"load02 content is valid\", function () {",
							"    //Check for appropriate load contents",
							"    pm.response.json()[\"loads\"].forEach(load => {",
							"        if (load[\"id\"] === pm.environment.get(\"load02_id\")){",
							"            pm.expect(load[\"content\"]).to.eq(\"Food\");",
							"            pm.expect(load[\"weight\"]).to.eq(3);",
							"            const self_url = pm.environment.get(\"app_url\") + \"/loads/\" + load[\"id\"];",
							"            pm.expect(load[\"self\"]).to.eq(self_url);",
							"        }",
							"    });",
							"});",
							"",
							"",
							"pm.test(\"load03 content is valid\", function () {",
							"   //Check for appropriate load contents",
							"    pm.response.json()[\"loads\"].forEach(load => {",
							"        if (load[\"id\"] === pm.environment.get(\"load03_id\")){",
							"            pm.expect(load[\"content\"]).to.eq(\"Furnitures\");",
							"            pm.expect(load[\"weight\"]).to.eq(7);",
							"            const self_url = pm.environment.get(\"app_url\") + \"/loads/\" + load[\"id\"];",
							"            pm.expect(load[\"self\"]).to.eq(self_url);",
							"        }",
							"    });",
							"});",
							"",
							"",
							"pm.test(\"load04 content is valid\", function () {",
							"    //Check for appropriate load contents",
							"    pm.response.json()[\"loads\"].forEach(load => {",
							"        if (load[\"id\"] === pm.environment.get(\"load04_id\")){",
							"            pm.expect(load[\"content\"]).to.eq(\"Toys\");",
							"            pm.expect(load[\"weight\"]).to.eq(4);",
							"            const self_url = pm.environment.get(\"app_url\") + \"/loads/\" + load[\"id\"];",
							"            pm.expect(load[\"self\"]).to.eq(self_url);",
							"        }",
							"    });",
							"});",
							"",
							""
						],
						"type": "text/javascript"
					}
				}
			],
			"request": {
				"method": "GET",
				"header": [],
				"url": {
					"raw": "{{app_url}}/boats/{{boat01_id}}/loads",
					"host": [
						"{{app_url}}"
					],
					"path": [
						"boats",
						"{{boat01_id}}",
						"loads"
					]
				}
			},
			"response": []
		},
		{
			"name": "get all loads for boat with invalid boat id",
			"event": [
				{
					"listen": "test",
					"script": {
						"exec": [
							"pm.test(\"404 not found\", function () {",
							"    //Check for appropriate 404 status code",
							"    pm.response.to.have.status(404);",
							"});",
							"",
							"",
							"pm.test(\"404 error message\", function () {",
							"     //Check for appropriate status message",
							"     pm.expect(pm.response.json()[\"message\"]).to.eq(\"No boat with this boat_id exists\");",
							"});"
						],
						"type": "text/javascript"
					}
				}
			],
			"request": {
				"method": "GET",
				"header": [],
				"url": {
					"raw": "{{app_url}}/boats/{{invalid_boat_id}}/loads",
					"host": [
						"{{app_url}}"
					],
					"path": [
						"boats",
						"{{invalid_boat_id}}",
						"loads"
					]
				}
			},
			"response": []
		},
		{
			"name": "add boat02",
			"event": [
				{
					"listen": "test",
					"script": {
						"exec": [
							"//Set appropriate environment variable for boat id",
							"pm.environment.set(\"boat02_id\", pm.response.json()[\"id\"]);",
							"",
							"pm.test(\"201 status code\", function () {",
							"    //Check for appropriate 201 status code",
							"    pm.response.to.have.status(201);",
							"});",
							"",
							"",
							"pm.test(\"content is valid\", function () {",
							"    //Check if content is valid including self attribute",
							"   pm.expect(pm.response.json()[\"name\"]).to.eq(\"Abraham\");",
							"   pm.expect(pm.response.json()[\"type\"]).to.eq(\"Motor Boat\");",
							"   pm.expect(pm.response.json()[\"length\"]).to.eq(25);",
							"   pm.expect(pm.response.json()[\"loads\"]).to.deep.equal([]);",
							"   //Check if the self url is correct",
							"   const self_url = pm.environment.get(\"app_url\") + \"/boats/\" + pm.response.json()[\"id\"];",
							"   pm.expect(pm.response.json()[\"self\"]).to.eq(self_url);",
							"});"
						],
						"type": "text/javascript"
					}
				}
			],
			"request": {
				"method": "POST",
				"header": [
					{
						"key": "Content-Type",
						"type": "text",
						"value": "application/json"
					}
				],
				"body": {
					"mode": "raw",
					"raw": "{\n    \"name\": \"Abraham\",\n    \"type\": \"Motor Boat\",\n    \"length\": 25\n}"
				},
				"url": {
					"raw": "{{app_url}}/boats",
					"host": [
						"{{app_url}}"
					],
					"path": [
						"boats"
					]
				}
			},
			"response": []
		},
		{
			"name": "add boat03",
			"event": [
				{
					"listen": "test",
					"script": {
						"exec": [
							"//Set appropriate environment variable for boat id",
							"pm.environment.set(\"boat03_id\", pm.response.json()[\"id\"]);",
							"",
							"pm.test(\"201 status code\", function () {",
							"    //Check for appropriate 201 status code",
							"    pm.response.to.have.status(201);",
							"});",
							"",
							"",
							"pm.test(\"content is valid\", function () {",
							"    //Check if content is valid including self attribute",
							"   pm.expect(pm.response.json()[\"name\"]).to.eq(\"Calypso\");",
							"   pm.expect(pm.response.json()[\"type\"]).to.eq(\"Sailing Boat\");",
							"   pm.expect(pm.response.json()[\"length\"]).to.eq(13);",
							"   pm.expect(pm.response.json()[\"loads\"]).to.deep.equal([]);",
							"   //Check if the self url is correct",
							"   const self_url = pm.environment.get(\"app_url\") + \"/boats/\" + pm.response.json()[\"id\"];",
							"   pm.expect(pm.response.json()[\"self\"]).to.eq(self_url);",
							"});"
						],
						"type": "text/javascript"
					}
				}
			],
			"request": {
				"method": "POST",
				"header": [
					{
						"key": "Content-Type",
						"type": "text",
						"value": "application/json"
					}
				],
				"body": {
					"mode": "raw",
					"raw": "{\n    \"name\": \"Calypso\",\n    \"type\": \"Sailing Boat\",\n    \"length\": 13\n}"
				},
				"url": {
					"raw": "{{app_url}}/boats",
					"host": [
						"{{app_url}}"
					],
					"path": [
						"boats"
					]
				}
			},
			"response": []
		},
		{
			"name": "add boat04",
			"event": [
				{
					"listen": "test",
					"script": {
						"exec": [
							"//Set appropriate environment variable for boat id",
							"pm.environment.set(\"boat04_id\", pm.response.json()[\"id\"]);",
							"",
							"pm.test(\"201 status code\", function () {",
							"    //Check for appropriate 201 status code",
							"    pm.response.to.have.status(201);",
							"});",
							"",
							"",
							"pm.test(\"content is valid\", function () {",
							"    //Check if content is valid including self attribute",
							"   pm.expect(pm.response.json()[\"name\"]).to.eq(\"401K\");",
							"   pm.expect(pm.response.json()[\"type\"]).to.eq(\"Yacht\");",
							"   pm.expect(pm.response.json()[\"length\"]).to.eq(18);",
							"   pm.expect(pm.response.json()[\"loads\"]).to.deep.equal([]);",
							"   //Check if the self url is correct",
							"   const self_url = pm.environment.get(\"app_url\") + \"/boats/\" + pm.response.json()[\"id\"];",
							"   pm.expect(pm.response.json()[\"self\"]).to.eq(self_url);",
							"});"
						],
						"type": "text/javascript"
					}
				}
			],
			"request": {
				"method": "POST",
				"header": [
					{
						"key": "Content-Type",
						"type": "text",
						"value": "application/json"
					}
				],
				"body": {
					"mode": "raw",
					"raw": "{\n    \"name\": \"401K\",\n    \"type\": \"Yacht\",\n    \"length\": 18\n}"
				},
				"url": {
					"raw": "{{app_url}}/boats",
					"host": [
						"{{app_url}}"
					],
					"path": [
						"boats"
					]
				}
			},
			"response": []
		},
		{
			"name": "get all boats with pagination",
			"event": [
				{
					"listen": "test",
					"script": {
						"exec": [
							"pm.test(\"200 status code\", function () {",
							"   //Check for appropriate 200 status code",
							"   pm.response.to.have.status(200);",
							"});",
							"",
							"pm.test(\"only correct number of boats in response\", function () {",
							"    //Check for correct number of loads",
							"    pm.expect(pm.response.json()[\"items\"].length).to.equal(5);",
							"});",
							"",
							""
						],
						"type": "text/javascript"
					}
				}
			],
			"request": {
				"method": "GET",
				"header": [],
				"url": {
					"raw": "{{app_url}}/boats",
					"host": [
						"{{app_url}}"
					],
					"path": [
						"boats"
					]
				}
			},
			"response": []
		},
		{
			"name": "delete load01",
			"event": [
				{
					"listen": "test",
					"script": {
						"exec": [
							"pm.test(\"204 no content\", function () {",
							"    //Check for appropriate 204 code",
							"    pm.response.to.have.status(204);",
							"});"
						],
						"type": "text/javascript"
					}
				}
			],
			"request": {
				"method": "DELETE",
				"header": [],
				"url": {
					"raw": "{{app_url}}/loads/{{load01_id}}",
					"host": [
						"{{app_url}}"
					],
					"path": [
						"loads",
						"{{load01_id}}"
					]
				}
			},
			"response": []
		},
		{
			"name": "delete load02",
			"event": [
				{
					"listen": "test",
					"script": {
						"exec": [
							"pm.test(\"204 no content\", function () {",
							"    //Check for appropriate 204 code",
							"    pm.response.to.have.status(204);",
							"});"
						],
						"type": "text/javascript"
					}
				}
			],
			"request": {
				"method": "DELETE",
				"header": [],
				"url": {
					"raw": "{{app_url}}/loads/{{load02_id}}",
					"host": [
						"{{app_url}}"
					],
					"path": [
						"loads",
						"{{load02_id}}"
					]
				}
			},
			"response": []
		},
		{
			"name": "delete load03",
			"event": [
				{
					"listen": "test",
					"script": {
						"exec": [
							"pm.test(\"204 no content\", function () {",
							"    //Check for appropriate 204 code",
							"    pm.response.to.have.status(204);",
							"});"
						],
						"type": "text/javascript"
					}
				}
			],
			"request": {
				"method": "DELETE",
				"header": [],
				"url": {
					"raw": "{{app_url}}/loads/{{load03_id}}",
					"host": [
						"{{app_url}}"
					],
					"path": [
						"loads",
						"{{load03_id}}"
					]
				}
			},
			"response": []
		},
		{
			"name": "delete load04",
			"event": [
				{
					"listen": "test",
					"script": {
						"exec": [
							"pm.test(\"204 no content\", function () {",
							"    //Check for appropriate 204 code",
							"    pm.response.to.have.status(204);",
							"});"
						],
						"type": "text/javascript"
					}
				}
			],
			"request": {
				"method": "DELETE",
				"header": [],
				"url": {
					"raw": "{{app_url}}/loads/{{load04_id}}",
					"host": [
						"{{app_url}}"
					],
					"path": [
						"loads",
						"{{load04_id}}"
					]
				}
			},
			"response": []
		},
		{
			"name": "delete boat01",
			"event": [
				{
					"listen": "test",
					"script": {
						"exec": [
							"pm.test(\"204 no content\", function () {",
							"    //Check for appropriate 204 code",
							"    pm.response.to.have.status(204);",
							"});"
						],
						"type": "text/javascript"
					}
				}
			],
			"request": {
				"method": "DELETE",
				"header": [],
				"url": {
					"raw": "{{app_url}}/boats/{{boat01_id}}",
					"host": [
						"{{app_url}}"
					],
					"path": [
						"boats",
						"{{boat01_id}}"
					]
				}
			},
			"response": []
		},
		{
			"name": "delete boat02",
			"event": [
				{
					"listen": "test",
					"script": {
						"exec": [
							"pm.test(\"204 no content\", function () {",
							"    //Check for appropriate 204 code",
							"    pm.response.to.have.status(204);",
							"});"
						],
						"type": "text/javascript"
					}
				}
			],
			"request": {
				"method": "DELETE",
				"header": [],
				"url": {
					"raw": "{{app_url}}/boats/{{boat02_id}}",
					"host": [
						"{{app_url}}"
					],
					"path": [
						"boats",
						"{{boat02_id}}"
					]
				}
			},
			"response": []
		},
		{
			"name": "delete boat03",
			"event": [
				{
					"listen": "test",
					"script": {
						"exec": [
							"pm.test(\"204 no content\", function () {",
							"    //Check for appropriate 204 code",
							"    pm.response.to.have.status(204);",
							"});"
						],
						"type": "text/javascript"
					}
				}
			],
			"request": {
				"method": "DELETE",
				"header": [],
				"url": {
					"raw": "{{app_url}}/boats/{{boat03_id}}",
					"host": [
						"{{app_url}}"
					],
					"path": [
						"boats",
						"{{boat03_id}}"
					]
				}
			},
			"response": []
		},
		{
			"name": "delete boat04",
			"event": [
				{
					"listen": "test",
					"script": {
						"exec": [
							"pm.test(\"204 no content\", function () {",
							"    //Check for appropriate 204 code",
							"    pm.response.to.have.status(204);",
							"});"
						],
						"type": "text/javascript"
					}
				}
			],
			"request": {
				"method": "DELETE",
				"header": [],
				"url": {
					"raw": "{{app_url}}/boats/{{boat04_id}}",
					"host": [
						"{{app_url}}"
					],
					"path": [
						"boats",
						"{{boat04_id}}"
					]
				}
			},
			"response": []
		},
		{
			"name": "Delete all boats Copy",
			"request": {
				"method": "DELETE",
				"header": [],
				"url": {
					"raw": "{{app_url}}/boats",
					"host": [
						"{{app_url}}"
					],
					"path": [
						"boats"
					]
				}
			},
			"response": []
		},
		{
			"name": "Delete all loads Copy",
			"request": {
				"method": "DELETE",
				"header": [],
				"url": {
					"raw": "{{app_url}}/loads",
					"host": [
						"{{app_url}}"
					],
					"path": [
						"loads"
					]
				}
			},
			"response": []
		},
		{
			"name": "Get all Boats",
			"event": [
				{
					"listen": "test",
					"script": {
						"exec": [
							"pm.test(\"200 status code\", function () {",
							"    //Check for success 200 response code",
							"    pm.response.to.have.status(200);",
							"});",
							""
						],
						"type": "text/javascript"
					}
				}
			],
			"request": {
				"auth": {
					"type": "noauth"
				},
				"method": "GET",
				"header": [],
				"url": {
					"raw": "{{app_url}}/boatspublic",
					"host": [
						"{{app_url}}"
					],
					"path": [
						"boatspublic"
					]
				}
			},
			"response": []
		},
		{
			"name": "Get all users",
			"event": [
				{
					"listen": "test",
					"script": {
						"exec": [
							"pm.test(\"200 status code\", function () {",
							"    //Check for success 200 response code",
							"    pm.response.to.have.status(200);",
							"});",
							""
						],
						"type": "text/javascript"
					}
				}
			],
			"request": {
				"auth": {
					"type": "noauth"
				},
				"method": "GET",
				"header": [],
				"url": {
					"raw": "{{app_url}}/users",
					"host": [
						"{{app_url}}"
					],
					"path": [
						"users"
					]
				}
			},
			"response": []
		},
		{
			"name": "Get all Loads",
			"event": [
				{
					"listen": "test",
					"script": {
						"exec": [
							"pm.test(\"200 status code\", function () {",
							"    //Check for success 200 response code",
							"    pm.response.to.have.status(200);",
							"});",
							""
						],
						"type": "text/javascript"
					}
				}
			],
			"request": {
				"auth": {
					"type": "noauth"
				},
				"method": "GET",
				"header": [],
				"url": {
					"raw": "{{app_url}}/loads",
					"host": [
						"{{app_url}}"
					],
					"path": [
						"loads"
					]
				}
			},
			"response": []
		}
	],
	"auth": {
		"type": "bearer",
		"bearer": [
			{
				"key": "token",
				"value": "{{jwt1}}",
				"type": "string"
			}
		]
	},
	"event": [
		{
			"listen": "prerequest",
			"script": {
				"type": "text/javascript",
				"exec": [
					""
				]
			}
		},
		{
			"listen": "test",
			"script": {
				"type": "text/javascript",
				"exec": [
					""
				]
			}
		}
	]
}